Screech On Screen | 1242 N Main St | 806-256-5357
10112|1993|Ford|Explorer|SUV|Red|525123|995.00
37846|2001|Ford|Ranger|Truck|Yellow|172544|1995.00
44901|2012|Honda|Civic|Sedan|Gray|103221|6995.00
55223|2009|Toyota|Camry|Sedan|Black|298750|2495.00
66334|2003|Dodge|Caravan|Minivan|Blue|345982|1200.00
77445|1998|Chevrolet|Malibu|Sedan|Green|405123|875.00
88556|2006|Hyundai|Sonata|Sedan|Silver|289456|1500.00
99667|2008|Nissan|Altima|Sedan|Tan|312890|2200.00
11778|2007|Kia|Optima|Sedan|White|398543|1750.00
22889|2005|Honda|Accord|Sedan|Burgundy|276545|2100.00
33990|2004|Pontiac|Grand Am|Sedan|Gray|352908|950.00
44001|2002|Toyota|Corolla|Sedan|Blue|425678|1300.00
55112|2000|Ford|Taurus|Sedan|White|387654|750.00
66223|2010|Chevrolet|Impala|Sedan|Black|256789|3995.00
77334|1997|Jeep|Cherokee|SUV|Red|432109|1995.00
88445|1999|Dodge|Dakota|Truck|White|375698|1600.00
99556|2008|Chrysler|Sebring|Sedan|Silver|298754|1995.00
10667|2011|Mitsubishi|Galant|Sedan|Black|224567|3500.00
21778|2003|Mazda|Protege|Sedan|Green|378912|1100.00
32889|2004|Saturn|Ion|Sedan|Blue|356789|900.00
43990|2001|Volkswagen|Jetta|Sedan|Silver|402345|1600.00
54001|2006|Suzuki|Forenza|Sedan|Red|312567|1200.00
65112|2007|Buick|LaCrosse|Sedan|Tan|289456|2500.00
76223|2013|Nissan|Versa|Sedan|White|189765|4995.00
87334|2002|Subaru|Outback|Wagon|Green|405678|1750.00
98445|2010|Ford|Focus|Sedan|Blue|247890|3900.00
10556|2005|Hyundai|Elantra|Sedan|Black|378126|1250.00
21667|2009|Kia|Rio|Sedan|Gray|289764|2995.00
32778|2004|Toyota|Sienna|Minivan|Burgundy|345621|1800.00
43889|2000|Honda|CR-V|SUV|Silver|402365|1500.00
54990|2007|Nissan|Sentra|Sedan|White|312789|2200.00
65001|2001|Chevrolet|S-10|Truck|Red|387452|1400.00
76112|1996|Ford|Windstar|Minivan|Green|453678|650.00
87223|2003|Dodge|Neon|Sedan|Yellow|378945|995.00
98334|2008|Mitsubishi|Lancer|Sedan|Blue|296734|2500.00
10445|2002|Oldsmobile|Alero|Sedan|Silver|398752|800.00
21556|2010|Chevrolet|Cobalt|Sedan|Black|256789|3500.00
32667|2005|Ford|Five Hundred|Sedan|Tan|345678|1650.00
43778|1999|Dodge|Intrepid|Sedan|White|412345|895.00
54889|2006|Chrysler|PT Cruiser|Wagon|Purple|323456|1750.00
65990|2011|Kia|Forte|Sedan|Gray|215678|4500.00
76001|2003|Mercury|Grand Marquis|Sedan|Gold|387965|1200.00
87112|2004|Pontiac|Grand Prix|Sedan|Red|356789|1450.00
98223|2001|Buick|Century|Sedan|Beige|425678|950.00
10334|2007|Saturn|Aura|Sedan|Black|302145|1995.00
21445|2009|Hyundai|Accent|Sedan|Silver|276543|2895.00
32556|2002|Suzuki|XL7|SUV|Brown|398765|1200.00
43667|1997|Plymouth|Voyager|Minivan|White|456789|600.00
54778|2005|Isuzu|Ascender|SUV|Green|345678|1800.00
65889|2000|Daewoo|Lanos|Sedan|Blue|389765|750.00